{
    "Area1": {
        "temperature": 30.06164262850013,
        "wind_speed": 5.766382312216729,
        "cloud_cover": 30.0,
        "ev_load": 177.0,
        "house_demand": 384.0,
        "solar": 139.35549926757812,
        "wind": 39.73896026611328,
        "supply": 179.0944595336914,
        "demand": 424.630126953125
    },
    "Area2": {
        "temperature": 30.06164262850013,
        "wind_speed": 7.471460516094444,
        "cloud_cover": 14.0,
        "ev_load": 183.0,
        "house_demand": 357.0,
        "solar": 169.9523468017578,
        "wind": 67.00175476074219,
        "supply": 236.9541015625,
        "demand": 434.9634704589844
    },
    "Area3": {
        "temperature": 30.06164262850013,
        "wind_speed": 10.271095817381628,
        "cloud_cover": 74.0,
        "ev_load": 97.0,
        "house_demand": 203.0,
        "solar": 50.79475021362305,
        "wind": 125.31069946289062,
        "supply": 176.10544967651367,
        "demand": 366.378173828125
    }
}