{
    "Area1": {
        "temperature": 28.380946093925598,
        "wind_speed": 9.992290673565549,
        "cloud_cover": 27.0,
        "ev_load": 102.0,
        "house_demand": 312.0,
        "solar": 95.95915222167969,
        "wind": 119.81647491455078,
        "supply": 215.77562713623047,
        "demand": 392.74041748046875
    },
    "Area2": {
        "temperature": 28.380946093925598,
        "wind_speed": 8.031608887264188,
        "cloud_cover": 53.0,
        "ev_load": 122.0,
        "house_demand": 357.0,
        "solar": 61.641292572021484,
        "wind": 77.04366302490234,
        "supply": 138.68495559692383,
        "demand": 411.5193786621094
    },
    "Area3": {
        "temperature": 28.380946093925598,
        "wind_speed": 8.763386092021015,
        "cloud_cover": 33.0,
        "ev_load": 186.0,
        "house_demand": 366.0,
        "solar": 87.18383026123047,
        "wind": 91.9433822631836,
        "supply": 179.12721252441406,
        "demand": 397.93096923828125
    }
}