{
    "time": "2026-03-15 08:37:06.131889",
    "battery": 0.0,
    "surpluses": {},
    "deficits": {
        "Area1": 245.5356674194336,
        "Area2": 198.00936889648438,
        "Area3": 190.27272415161133
    }
}