{
    "time": "2026-03-15 07:40:10.981337",
    "battery": 0.0,
    "surpluses": {},
    "deficits": {
        "Area1": 176.96479034423828,
        "Area2": 272.83442306518555,
        "Area3": 218.8037567138672
    }
}